theorem,mutant,result,encoding,nunchaku,recovery,cvc5,smbc,kodkod
List.getElem?_toArray,0,UNKNOWN,15,11069,0,false,false,false
Array.mem_toArray,0,UNKNOWN,12,11068,0,false,false,false
Array.size_eq_length_toList,0,UNSAT,3,53,0,true,true,false
Array.forIn'_eq_forIn',0,ERR_ENCODING,0,0,0,false,false,false
Array.size_set,0,UNKNOWN,8,11069,0,false,false,false
Array.getElem_mem,0,UNKNOWN,18,11067,1,false,false,false
Array.size_push,0,UNKNOWN,3,10417,0,false,false,false
Array.popWhile_empty,0,UNSAT,13,504,0,true,true,false
Array.take_eq_extract,0,UNSAT,15,53,0,false,true,false
Array.mem_def,0,UNKNOWN,11,11067,1,false,false,false
List.toList_toArray,0,UNSAT,1,54,0,true,true,false
Array.ext',0,UNSAT,2,53,0,true,true,false
Array.size_pop,0,UNKNOWN,7,10216,0,false,false,false
Array.Mem.val,0,UNKNOWN,12,11116,0,false,false,false
Array.getElem?_toList,0,UNKNOWN,16,11117,1,false,false,false
Array.reverse.termination,0,UNKNOWN,7,11068,0,false,false,false
Array.mkEmpty_eq,0,UNSAT,1,504,0,true,true,false
Array.forM_eq_forM,0,ERR_ENCODING,1,0,0,false,false,false
Array.toArray_toList,0,UNSAT,1,53,0,true,true,false
Array.ext,0,UNKNOWN,9,11068,0,false,false,false
List.getElem_toArray,0,UNSAT,9,104,0,true,false,false
Array.getElem_toList,0,UNSAT,10,53,0,true,true,false
Array.drop_eq_extract,0,UNSAT,15,54,0,false,true,false
List.getElem!_toArray,0,ERR_ENCODING,12,0,0,false,false,false
Array.size_swap,0,UNKNOWN,10,11069,0,false,false,false
Array.size_eraseIdx,0,UNKNOWN,14,11068,0,false,false,false
Array.emptyWithCapacity_eq,0,UNSAT,1,53,1,true,true,false
List.size_toArray,0,UNSAT,3,54,0,true,true,false
Array.findIdx?_eq_map_findFinIdx?_val,0,UNKNOWN,12,11067,0,false,false,false
List.mem_toArray,0,UNKNOWN,12,11067,0,false,false,false
Array.toArrayAux_eq,0,UNKNOWN,3,11067,0,false,false,false
